상권코드명,총유동인구수,남성유동인구수,여성유동인구수,연령대10유동인구수,연령대20유동인구수,연령대30유동인구수,연령대40유동인구수,연령대50유동인구수,연령대60이상유동인구수
가락로16길,1312,906,405,1,189,223,285,400,213
가락로28길,31355,15201,16154,3270,5794,5204,5058,6430,5599
가락로36길,25511,13348,12162,3143,4640,5121,4443,4391,3772
가로공원로76길,44650,21443,23207,2525,7319,9427,8585,8848,7946
가마산로61길,42027,21468,20559,2329,9956,7706,8031,9340,4665
가마산로88길,18802,11206,7596,2030,3483,3002,3444,3765,3079
가마산로89길,20544,10249,10295,2131,4210,3280,3893,3967,3063
가산로3길,40807,24473,16334,132,12379,10515,7455,6567,3759
가산로5길,18890,11720,7170,35,6270,5287,2986,2974,1338
가재울로14길,973,973,0,0,5,141,272,450,104
가재울로4길,36123,19658,16465,1632,7524,7448,6859,6501,6159
가재울로6길,52249,28762,23487,3204,11707,9831,9512,9427,8569
가좌로6길,41507,21893,19614,4882,5809,8770,8122,7338,6586
가좌로7길,105258,51705,53553,12040,16678,21523,18963,19285,16769
가좌로7다길,66656,31696,34960,7357,12534,13600,11497,11394,10273
가좌로9길,46392,23829,22563,3030,9998,8150,8339,9123,7753
갈현로1길,31398,15420,15978,1440,5550,7466,5637,5429,5877
갈현로23길,18547,7919,10628,5045,2785,2964,2990,2531,2231
갈현로29길,33315,14091,19224,7213,5203,5767,5891,5008,4232
갈현로33길,59180,26007,33172,13992,9193,8864,9128,9075,8929
갈현로3길,28061,13931,14130,1277,3937,6915,5034,5238,5661
갈현로41길,16032,8428,7604,946,5185,2906,2298,2163,2533
갈현로4길,116809,55513,61297,11430,23478,22505,21717,21026,16654
강남대로107길,8523,4448,4075,361,2194,2214,1761,1154,840
강남대로83길,16272,9241,7031,141,5925,4983,2323,1516,1384
강남대로89길,73017,36637,36380,3683,27054,19995,11035,6326,4925
강남대로8길,158932,93712,65220,3733,29341,42516,33265,29139,20938
강동대로9길,16497,8097,8400,1049,2511,3518,3252,3081,3086
강서로17다길,92829,44758,48072,3786,16916,22402,15884,16977,16863
강서로18길,54532,24926,29605,1896,12816,13503,10342,7957,8018
강서로18다길,31923,15679,16244,1610,7031,7817,5669,5216,4580
강서로39길,35902,17072,18830,2410,7958,7301,5525,6674,6034
강서로45길,73188,31740,41448,11475,12211,13362,14642,11467,10030
강서로47가길,25005,10767,14238,4150,3530,4016,5374,4682,3254
강서로47길,38195,17105,21091,6226,6054,6539,8403,6359,4614
강서로48길,29147,13730,15417,5577,4594,4699,5589,4736,3952
강서로74길,5004,2733,2270,210,1876,1318,632,645,323
강서로8길,143515,73426,70089,8965,28207,32679,26216,25655,21792
개봉로2길,32633,16206,16427,2326,4898,6408,6276,6478,6248
개봉로3길,59376,31171,28205,4350,8354,13186,11525,11707,10252
개포로109길,1405,790,614,44,166,252,310,375,257
개포로82길,10434,5127,5306,871,1633,1527,1974,2428,2001
거북골로16길,19648,9206,10442,1140,3470,3818,3848,3711,3661
거북골로20길,89241,44531,44710,9364,15395,15714,16532,16756,15481
경기대로9길,53304,27000,26304,5742,18713,8789,8106,6681,5273
경인로22길,58675,29292,29383,3780,15510,14103,8144,8157,8981
경인로35길,36624,18606,18018,1839,6656,6301,6438,8338,7051
경인로40길,16153,7732,8421,1132,3486,3344,2712,2934,2545
경인로47길,95470,57817,37653,18245,35616,11950,11522,10445,7692
경인로47다길,11427,6047,5380,812,2620,1801,2026,1878,2290
경인로59길,34974,15984,18990,2353,6326,8586,7154,6352,4203
경희대로1길,31191,15109,16082,4003,16035,3996,2896,2390,1871
경희대로3길,20190,9398,10793,1593,6785,3129,2717,2778,3189
경희대로4길,101558,47863,53695,13996,53030,12090,8975,7505,5963
경희대로6길,242927,106853,136075,40116,119056,24622,23058,17945,18129
고덕로10길,25644,14109,11535,1338,4774,5958,5201,4747,3626
고산자로14길,80675,37542,43133,4008,28588,17987,12247,11006,6840
고산자로16길,16943,8653,8290,734,6022,3367,2566,2569,1685
고산자로2길,3530,1655,1876,190,694,769,864,518,495
고산자로31길,11844,5867,5977,961,3650,2136,1718,1787,1592
고산자로6길,36167,17938,18230,2951,7277,8563,6556,5617,5202
고산자로8나길,130377,68914,61463,11680,40609,23616,19565,18912,15995
고척로21나길,7983,3092,4891,180,1160,1407,1465,2424,1347
고척로27길,65333,33644,31690,4468,12120,11517,13584,13131,10514
고척로33길,26145,13384,12761,1842,5055,4665,5332,5333,3919
고척로52길,32672,17981,14691,1427,7080,5974,5917,5694,6580
곰달래로31가길,37436,16496,20940,2869,7237,9019,7009,6002,5299
곰달래로31길,178153,84209,93943,11282,43314,41552,29889,26213,25903
곰달래로35길,35906,15182,20724,1123,7944,10111,7595,4287,4846
곰달래로60길,28523,14689,13834,2093,6393,5718,5307,5102,3911
공릉로12가길,16060,9044,7016,2186,3936,2145,3090,2811,1891
공릉로12길,30612,15464,15149,1017,4560,5881,5946,7287,5921
공릉로2길,34917,16931,17986,2367,5751,7195,6465,6300,6840
공릉로34길,53877,28558,25319,4853,16902,9583,8927,7665,5946
공릉로58가길,17689,9327,8362,1874,3716,2781,3213,3523,2582
공릉로59나길,42254,21971,20283,6547,10302,5824,6787,7390,5405
공릉로65길,45443,23855,21588,7169,11393,6050,7123,7950,5759
공항대로41길,45453,21895,23558,3989,8775,8913,8162,8247,7366
공항대로42길,8664,4595,4069,608,1183,2144,1972,1525,1233
공항대로45길,54092,29645,24448,1481,13579,13617,9626,9380,6410
공항대로55길,15968,8011,7958,300,4499,4605,2772,2204,1589
공항대로61길,64681,33463,31218,2442,15274,15621,11958,10986,8400
공항대로7길,38211,20989,17223,3011,8177,7616,7049,6929,5430
관악로11길,59961,30972,28989,1797,24802,12286,8176,7532,5367
관악로14길,82803,42325,40478,5207,38937,15634,9017,7898,6111
관악로24길,24577,11364,13213,1412,5093,4924,4312,4085,4751
관악로28길,28948,13716,15232,1504,6513,6158,4751,4823,5199
관천로11길,74517,39108,35409,1288,23188,16580,10369,13452,9640
광나루로11길,78596,44126,34471,898,25700,16510,14571,12590,8328
광나루로12길,33337,18040,15298,1074,15372,6517,4875,3744,1755
광나루로56길,1463,668,795,155,257,226,360,272,193
광성로4길,11668,6613,5055,1722,6415,1262,1075,798,395
광운로2길,13828,8765,5063,2588,6454,1458,1229,975,1123
광운로3길,103440,69084,34356,29724,49507,6486,7114,6777,3831
광평로19길,1304,660,644,67,142,324,235,237,298
구로동로28길,67233,33392,33842,678,10018,12698,13964,15757,14120
구로동로29길,65455,34317,31138,208,9261,13005,14653,15844,12484
구로동로35길,29154,15850,13303,421,5114,5925,6493,6351,4850
구로동로42길,25356,12893,12462,643,4796,5361,5302,4794,4461
구로중앙로19길,37484,21518,15966,48,7881,8062,7766,8510,5217
구로중앙로28길,76346,39871,36475,2295,14981,15904,15161,16188,11817
구로중앙로7길,19402,10234,9168,739,2921,3946,4220,4241,3335
구로중앙로8길,53643,28154,25489,1385,8468,11043,10442,12844,9462
구일로10길,12002,6069,5933,1678,2462,2961,2029,1813,1060
국제금융로7길,8797,4625,4172,1149,1475,1900,1568,1334,1371
국회단지길,95642,50550,45092,6633,20719,20174,15998,15897,16220
금낭화로23길,3188,1562,1625,158,610,661,638,588,532
금하로24길,16046,8269,7777,1555,2559,2750,3109,3303,2770
금호로1길,16854,8087,8767,1351,2493,3932,2706,2946,3425
금호산2길,66349,32711,33638,4537,11683,13584,11099,12246,13199
길음로13길,15507,6549,8958,1913,1774,3579,3991,2019,2232
길음로7길,32529,14620,17908,2916,6314,5877,5686,5696,6039
까치산로10길,16029,7089,8940,1719,2371,4092,3636,2697,1514
낙성대역10길,25832,13003,12829,1191,9517,5798,3421,2659,3246
낙성대역3길,63728,33163,30564,3254,25997,14553,7987,6528,5409
난계로29길,132725,72701,60025,4175,24899,23759,23092,28833,27968
난계로30길,12878,7243,5635,286,2570,3019,2508,2349,2146
난곡로26길,15553,9135,6417,457,3493,2946,2669,3744,2244
난곡로30길,24685,13397,11289,967,5732,4788,4308,5960,2930
난곡로34길,74621,38870,35751,6355,14941,13562,12794,15894,11075
난곡로35길,77016,40282,36734,5923,16150,14494,13105,16771,10572
난곡로63길,24252,12541,11711,1003,5851,5112,3910,4818,3559
난곡로66길,56304,30664,25640,3212,15857,11382,9138,9458,7257
난곡로78길,61513,30204,31309,1359,19949,13699,9635,9383,7488
난우길,82972,41905,41066,8954,14862,14402,14800,16588,13365
난향2길,7637,4223,3413,635,1064,1418,1681,1278,1562
난향길,10363,5697,4666,825,1356,1798,2452,1653,2278
남부순환로124길,19809,10224,9586,329,4108,4403,3490,4253,3227
남부순환로144길,32986,15719,17267,1686,8661,6946,5537,5384,4771
남부순환로145길,23479,12765,10714,889,6447,4850,4111,3932,3250
남부순환로151길,53815,27956,25859,2687,14761,11093,8605,9244,7426
남부순환로153길,39031,19722,19309,1804,10542,8112,6209,6841,5524
남부순환로159길,24533,12548,11985,717,6766,4873,4233,4668,3276
남부순환로170길,73785,39298,34486,2033,26292,15005,9273,12568,8615
남부순환로191길,80610,41761,38848,3883,36367,16139,9234,7897,7090
남부순환로208길,181363,91838,89526,7967,54400,34247,25669,28943,30139
남부순환로230길,159381,79911,79470,10067,72649,30626,17696,16420,11924
남부순환로234길,38444,19087,19357,1871,17212,7845,4085,3889,3542
남부순환로248길,43025,21163,21862,2038,13454,9226,6402,6735,5170
남부순환로272길,107530,57323,50207,3101,32912,22600,15403,16870,16643
남부순환로317길,32174,16661,15513,1827,8023,7404,6813,4854,3254
남부순환로323길,48156,25328,22828,1738,10732,12009,10164,7585,5928
남부순환로333길,16661,10103,6558,133,3552,4597,3907,2396,2076
남부순환로337가길,22537,12772,9765,771,4474,5620,5063,3464,3144
남부순환로350길,67374,35974,31400,1923,16566,15411,12135,10273,11066
남부순환로356길,63965,37767,26198,1868,14342,15708,11786,9987,10274
남부순환로40길,35064,19604,15460,2056,5150,5425,7378,8296,6759
남부순환로59길,20464,9979,10485,824,3505,3531,4300,4308,3996
남부순환로70길,20622,11388,9234,1450,3330,3976,3856,4338,3672
남부순환로95길,18003,8623,9380,1543,3616,3598,3048,2955,3242
남부순환로97길,15164,7463,7701,1012,3010,3319,2756,2462,2605
남현2길,51646,27287,24359,2351,14552,11993,7664,8024,7063
남현3길,73792,38049,35744,1849,22289,15675,10586,11607,11786
남현4길,31527,16773,14754,1572,8766,6848,5043,4960,4339
남현길,51113,25992,25121,1966,13735,11664,7674,8230,7844
노량진로6길,65808,36794,29014,1962,23955,12110,8898,10442,8441
노량진로8길,97891,57151,40740,7667,47955,15501,9901,9774,7092
노원로1길,25532,11626,13906,4127,5696,3665,5207,3900,2936
노해로17길,24804,11908,12896,765,6663,4274,3855,4740,4508
노해로35길,16901,7407,9494,1794,4140,2476,2923,2924,2644
노해로41길,30069,13971,16098,2914,6147,5347,5332,5115,5215
노해로65길,9967,4914,5054,1028,2725,2173,1783,1373,885
노해로70길,196,97,99,11,29,43,33,46,35
노해로8가길,43618,23157,20460,2810,16864,7925,6299,5532,4188
녹사평대로26길,29221,14703,14518,614,12086,7403,3797,3133,2187
녹사평대로40길,41879,19619,22260,841,20809,10622,4663,3065,1877
녹사평대로46가길,32760,16366,16394,745,12384,9174,4860,3197,2400
녹사평대로46길,32793,16306,16487,1071,11470,9664,4978,3004,2605
논현로5길,18520,10340,8179,490,3893,5058,3845,2842,2392
논현로8길,33148,16850,16298,2433,4929,5837,6690,7171,6087
능동로19길,60727,33789,26938,6043,30734,9265,5649,5710,3326
능동로4길,25417,12746,12671,1721,4672,5227,4629,4691,4476
다동길,13595,7937,5658,68,3324,4184,3291,1840,888
다산로14길,51995,23174,28821,2299,10526,12029,8889,9838,8415
다산로36길,73350,38321,35028,2369,19163,17941,14313,12391,7172
다산로42나길,20483,11032,9451,905,4780,4528,3897,3814,2559
다산로44길,43560,22992,20568,1930,9943,8917,7081,8621,7067
다산로8길,35263,18449,16815,1630,8581,7476,5728,5866,5983
답십리로30길,13382,7032,6350,174,3166,3626,2856,1964,1597
답십리로56길,29307,14285,15021,510,4839,5646,5946,6419,5947
답십리로65길,55399,28885,26514,2499,10067,11901,11050,10851,9031
답십리로66길,58818,31437,27381,877,11427,14127,11847,11974,8565
답십리로68길,59449,29698,29751,962,12552,15734,11960,10660,7580
답십리로72길,29400,15467,13932,1975,6212,6634,5590,4703,4285
당곡길,50074,25209,24866,3074,11254,11576,9833,7094,7242
당산로10길,11863,6217,5646,90,2624,3045,2035,2384,1686
당산로16길,23353,12758,10596,217,5906,5513,3765,4329,3623
당산로18길,23966,13443,10523,310,6462,5165,3840,4294,3895
당산로28길,8414,4955,3459,124,1869,1690,1328,1742,1660
당산로31길,37926,20455,17471,442,7670,9714,7596,6628,5878
당산로37길,23249,11938,11312,1193,5582,6300,4044,3557,2573
당산로38길,87416,44115,43302,4638,20376,23481,15231,13582,10108
당산로44길,5552,2538,3015,469,1817,1332,856,611,468
당산로48길,48486,26645,21842,1230,14773,11609,7200,7679,5996
당산로52길,59530,32009,27521,1115,17084,13689,8890,10117,8635
대림로22길,20695,11153,9542,59,3540,3978,4053,5338,3727
대림로29길,105906,57139,48768,511,19265,22499,21924,24484,17224
대림로34길,54576,29794,24782,3540,8209,9627,11662,12602,8934
대림로44길,60994,30735,30259,1680,10900,12446,12193,13549,10226
대사관로30가길,58729,28941,29788,142,14979,18907,11204,7505,5993
대사관로31길,25754,12595,13159,182,6260,6895,5153,3913,3351
대사관로34길,24319,12243,12076,309,6898,7322,4468,3088,2233
대학5길,51616,31739,19877,2631,26395,9631,4905,4450,3604
대학길,140820,89510,51310,7634,70500,26455,14876,11938,9416
대흥로21길,126797,56663,70133,9307,57635,19284,13864,12039,14668
덕릉로24길,35319,18177,17141,1734,10473,5231,6101,6339,5440
덕릉로28길,77943,38993,38950,2972,22148,12629,12987,14496,12712
덕릉로30길,64944,33796,31148,2112,17627,10785,10868,12760,10792
덕릉로42길,4581,1945,2637,112,1554,570,787,753,805
덕릉로54길,16925,8541,8384,741,2734,2404,3968,4685,2394
덕릉로59아길,6889,3256,3632,157,1386,1709,1205,1336,1095
덕릉로63가길,21383,10746,10637,1006,4259,4638,3591,4335,3554
덕릉로73길,6271,2562,3709,982,633,408,1653,1337,1258
덕릉로83길,21260,11596,9663,1578,3495,2975,4798,4811,3603
도곡로77길,31219,15483,15735,8063,5626,4363,6852,3927,2388
도당로15길,96230,49648,46583,3169,14583,14880,18481,23959,21159
도림로108나길,56776,29634,27142,4248,10474,10223,10830,12442,8559
도림로113길,47772,25437,22336,1162,12018,10467,8330,8505,7290
도림로12길,61410,33517,27893,1711,10619,15200,13437,10670,9772
도림로147길,82173,47250,34923,2068,15036,20335,16954,14622,13159
도림로31길,101589,54176,47413,2799,19193,22134,19927,22111,15426
도림로38길,55276,29656,25619,432,9491,11474,11891,12583,9405
도림로41길,36248,19521,16726,225,6644,7544,7587,8769,5477
도림로53길,18202,9383,8820,594,2615,3922,3748,4746,2578
도봉로109길,68411,34804,33606,3896,16184,13212,11950,12452,10717
도봉로10다길,59460,28114,31346,4126,14123,11621,9915,10135,9541
도봉로10라길,44208,21327,22881,3042,9519,8501,8009,8371,6766
도봉로110길,95689,47788,47901,4809,21056,17606,16575,18492,17151
도봉로113길,59370,29926,29445,3092,13211,11513,9905,11806,9843
도봉로114길,88207,40930,47278,5887,17802,14476,14543,17508,17992
도봉로13가길,22916,11324,11592,1906,6261,4147,3684,3870,3046
도봉로13길,71623,36032,35590,7226,11910,12762,13461,13893,12371
도봉로150길,8958,4425,4533,462,1941,1783,1804,1623,1345
도봉로152길,13231,6801,6430,563,2823,2307,2533,2845,2160
도봉로153길,63295,31990,31304,2219,13837,10567,11713,13711,11248
도봉로156길,28303,15343,12960,200,4621,4495,5788,6579,6620
도봉로165길,5572,3552,2020,14,581,1071,1033,1520,1354
도봉로169나길,19636,11533,8103,85,2887,3533,3707,4852,4574
도봉로18길,49571,24573,24998,3913,8964,8167,8844,10137,9546
도봉로20가길,40955,20568,20387,2765,7579,6861,7397,8436,7916
도봉로28길,25117,13598,11519,1433,4139,3565,4608,5836,5536
도봉로29길,53643,25689,27954,4510,9041,9686,9882,11742,8782
도봉로30길,12723,7309,5415,483,1754,1589,2541,3334,3022
도봉로35길,70700,33007,37693,7298,12619,13160,12092,13881,11650
도봉로38길,89959,40124,49835,8168,16664,17129,16799,16887,14312
도봉로46길,85818,34273,51544,6546,17512,18346,15705,15841,11868
도봉로53길,134639,64702,69936,6939,28392,21787,21948,28930,26642
도봉로57길,44653,21532,23121,2819,9442,7009,7140,9329,8913
도봉로73길,27841,14014,13827,1185,8138,4012,4871,5321,4314
도봉로78길,219888,106266,113623,8996,55011,36381,35388,43791,40321
도봉로81길,75001,38127,36874,2426,21059,12634,12923,13643,12316
도봉로87길,17615,9438,8177,1157,7560,3281,2395,1918,1304
도봉로8길,25533,11834,13699,2713,6941,4561,3986,3929,3402
도봉산3길,45385,23458,21927,2366,6894,5591,8555,11147,10831
도신로15길,20359,10628,9731,863,4736,4428,3510,3755,3067
도신로19길,32490,17092,15398,1757,7355,6400,5622,6353,5003
도신로29길,55251,29016,26235,4786,8805,9612,11898,10767,9383
도영로7길,23652,12458,11195,516,6206,5711,4033,4168,3018
도화2길,20448,10433,10014,880,4269,5235,4137,3454,2474
도화4길,39009,21889,17120,1285,10071,10450,7533,5829,3841
도화길,63390,37127,26262,2344,17576,17219,12383,8510,5358
독립문로8길,63359,31713,31646,4424,17224,11668,10899,9808,9337
독막로19길,48534,23513,25021,6798,29420,6024,3065,1951,1275
독막로22길,31434,15699,15735,2375,8036,6265,6465,4331,3961
독막로32길,10386,5210,5177,670,2886,2141,2086,1449,1155
독막로8길,35290,18023,17267,1477,16369,9344,4018,2636,1446
독산로107길,21975,11453,10522,261,4236,4500,3933,5049,3996
독산로108길,37057,19228,17828,711,7787,7299,6316,8969,5974
독산로10길,28434,15567,12867,1080,5193,4565,5841,6159,5596
독산로22길,40439,20320,20119,1491,7045,8270,8274,8353,7006
독산로28길,4559,1717,2843,12,558,591,926,1199,1274
독산로32길,3886,1402,2484,8,438,469,769,1059,1142
독산로35길,26639,13322,13317,1085,4762,4353,5129,6097,5214
독산로36길,30184,15535,14649,2078,5705,5166,5447,6356,5432
독산로38길,16179,8492,7687,1134,3224,2808,2762,3508,2742
독산로39길,23828,11865,11963,1175,4333,3964,4364,5403,4588
독산로40길,44476,23078,21398,2509,8499,8476,7598,9834,7559
독산로44길,24467,12654,11813,1209,4582,4746,3971,5498,4462
독산로64길,28518,14923,13595,1258,6354,5550,5082,6192,4082
독산로70길,29572,15026,14546,892,5621,5244,5217,7078,5520
독산로74길,9717,4916,4801,228,1953,1774,1744,2356,1662
독산로80길,70240,37007,33234,3202,12937,12833,12920,16671,11677
독산로85길,8874,4551,4324,106,1538,1656,1713,2114,1747
독산로87길,11882,6060,5822,102,1476,1947,2808,3129,2419
독서당로51길,24396,11468,12928,1499,3236,6563,4547,4378,4172
돈화문로4길,35566,21558,14008,843,8739,5867,5875,6391,7850
돌곶이로22나길,34652,17916,16737,829,8234,6444,6124,7380,5641
돌곶이로23길,6842,3706,3136,0,2339,762,1158,1830,753
돌곶이로25길,25605,13016,12589,888,6167,4251,4685,5433,4181
돌곶이로27길,38643,19873,18771,2260,6031,6465,7871,8131,7885
동광로12가길,92032,44882,47150,5353,25532,19019,15116,13914,13098
동광로1길,63112,34010,29102,4660,13527,13299,14195,10258,7174
동광로3길,43210,22975,20235,3705,9358,8652,10006,6780,4710
동교로18길,28976,15194,13782,759,9919,8360,5081,3055,1801
동교로38길,13361,6057,7304,220,7007,3797,1313,624,399
동교로39길,13186,6927,6258,29,5819,4245,1591,838,664
동교로46길,40335,17988,22347,1420,19466,10189,4504,2639,2117
동교로9길,149438,70599,78840,6663,45511,41350,25450,17345,13120
동남로81길,18065,8806,9259,1935,2519,3366,3714,3715,2815
동남로8길,89761,45687,44074,6826,19235,19597,15374,16266,12463
동산로12길,13777,7566,6211,1157,2231,3992,2675,2153,1569
동산로13길,7253,4172,3081,258,1599,2113,1513,996,774
동산로19길,38414,22746,15667,1027,8726,10567,7870,5665,4558
동산로2길,13682,8268,5414,23,2896,3689,2808,2532,1734
동산로6길,27060,15714,11346,1715,4674,7067,5556,4685,3362
동소문로13가길,46655,22789,23866,4567,11509,8204,8534,7430,6411
동소문로13길,47932,23144,24788,5211,10800,8208,8780,8251,6683
동소문로13나길,47182,22320,24863,5475,13271,8085,7614,7041,5697
동소문로23길,62761,31393,31369,8396,29578,9883,7031,5074,2800
동소문로2길,59048,29035,30012,4845,17136,11095,10324,8399,7249
동소문로5길,14844,6987,7857,1099,4411,2812,2549,2170,1804
동소문로6길,50693,24540,26153,3717,14910,9612,8756,7418,6279
동숭4나길,46546,21308,25238,3597,15563,10129,6439,5968,4850
동숭길,66680,27913,38767,4787,26256,14243,9251,7225,4918
동일로101길,65283,33077,32207,4981,11401,11891,12546,12905,11560
동일로109길,90939,47542,43397,4897,17495,16478,17311,20152,14607
동일로123길,44874,21558,23316,1421,6201,6930,7787,12656,9878
동일로149길,50899,27457,23441,2253,9337,9674,9316,12200,8119
동일로151길,55264,27683,27581,2840,11817,11418,9656,10795,8739
동일로157길,115180,58712,56469,8837,28912,24365,17774,18636,16656
동일로173가길,79779,40787,38992,4709,16283,16320,14690,15079,12697
동일로178길,87433,43713,43720,3401,24662,15695,13806,16122,13748
동일로183길,37158,17806,19352,2193,6478,7675,7554,7138,6119
동일로184길,55493,29032,26461,2497,15422,11343,8293,9876,8062
동일로186길,50946,27267,23680,2708,16907,9350,6731,8529,6722
동일로192길,96790,50623,46167,8219,33673,15900,14471,14373,10154
동일로193길,76819,40831,35988,4990,17403,15067,14866,14038,10454
동일로195길,103495,52581,50914,6970,20401,20534,19507,19585,16497
동일로203가길,5847,2558,3289,541,1131,1165,1385,931,696
동일로207길,5955,2688,3267,445,1028,1173,1437,976,896
동일로208길,5236,2427,2809,187,960,1131,1137,824,997
동일로217길,25249,12098,13150,1996,6566,4018,4625,4650,3393
동일로231길,14903,7203,7700,923,2663,3207,2444,2938,2727
동일로239길,28763,14250,14513,1110,4807,5558,6022,6101,5164
동일로241가길,16830,8411,8419,980,2783,3125,3335,3394,3213
동일로242가길,56424,29782,26642,3300,12285,9836,10544,12240,8218
동일로242길,46318,23585,22733,2909,7173,7446,9184,10756,8850
동일로242다길,14194,7388,6806,978,2782,2358,2721,3124,2231
동일로243길,22597,11111,11486,1654,3822,4211,4162,4182,4567
동일로72길,21133,10018,11116,1006,3903,4150,4358,4880,2836
동일로99길,49273,25157,24116,4108,8516,8772,9601,9854,8423
동작대로7길,72759,39081,33678,2023,22317,15654,9659,12231,10876
동호로11길,107389,54998,52391,6334,27892,22460,17229,16876,16597
동호로14길,124224,62299,61925,8383,36985,26888,19349,17761,14860
동호로15길,57187,29466,27721,3007,16787,12851,9016,8342,7183
동호로25길,74496,38738,35758,15347,35443,8243,7150,4969,3345
두산로13길,2292,1419,873,1,749,642,384,376,140
두산로5길,17740,10589,7151,88,5097,4304,3194,3168,1889
두텁바위로15길,14086,8237,5849,2042,3074,3130,2684,1618,1538
두텁바위로58길,11283,5236,6047,458,3484,2929,1770,1862,780
둘레15길,23930,12747,11183,720,4970,5024,4270,5872,3074
둘레길,57010,33012,23998,1309,11320,11021,10241,14215,8904
등촌로39길,40649,21085,19563,2622,8120,8085,7101,8804,5917
등촌로55길,18267,8822,9445,101,4900,4783,3728,2987,1768
등촌로5가길,24120,12236,11885,1135,4907,5682,4952,4362,3082
디지털로27길,179789,103680,76109,2734,24364,37175,41970,42994,30553
디지털로32길,236895,138238,98656,4180,77660,69964,40192,27258,17640
디지털로32나길,113328,66257,47072,1993,37848,32065,18646,13119,9657
디지털로38길,54021,29956,24065,455,15559,13821,9055,8298,6833
디지털로54길,24953,12178,12775,26,4637,5167,5063,5840,4219
디지털로57길,54977,27987,26990,562,9628,10951,11861,12928,9046
뚝섬로27길,166639,80016,86623,4484,46480,34125,28021,31835,21695
뚝섬로56길,26982,13090,13892,2460,5065,5999,5257,4451,3751
마른내로12길,30830,17926,12904,1098,7763,6736,6016,5229,3988
마방로4길,71210,41321,29889,3507,14930,18118,16068,10574,8013
마장로35길,9636,5576,4060,89,1878,2306,1903,2002,1457
마장로35나길,8179,4571,3608,114,1950,1617,1577,1570,1350
마장로9길,71662,38000,33661,2582,15303,17650,12300,13067,10760
마천로51길,58500,28882,29618,2906,9649,9048,11070,13618,12209
마천로57길,13246,7763,5482,335,2010,2046,2761,2736,3358
마천로7길,11575,5417,6158,1107,1339,1931,2126,2602,2470
마포대로12길,11983,7278,4705,290,2321,2855,2799,2451,1268
마포대로14길,46943,26867,20077,1098,10493,11141,9729,8646,5836
마포대로16길,43463,22739,20724,2220,10235,11641,8207,6618,4542
마포대로4길,61678,32713,28965,2674,13781,15345,13248,9498,7131
만리재로24길,17769,9531,8238,1106,3539,4113,3644,3365,2002
만리재로35길,31246,17741,13505,692,5884,7620,6564,6435,4051
만리재옛길,149737,76326,73411,7729,32214,34152,29053,27592,18996
망우로10길,38512,21510,17001,3641,17468,5812,4062,4123,3405
망우로14길,58141,32528,25613,7049,26206,7245,5614,6568,5459
망우로16길,105454,56690,48764,10736,42802,13890,12129,14029,11868
망우로18다길,28657,16275,12382,4552,13978,2856,2321,2909,2042
망우로32길,29289,15490,13799,1757,8915,5221,4551,5022,3822
매봉길,22876,10345,12531,888,4147,6003,4380,3602,3856
면목로27길,50389,25778,24611,2547,8963,11187,9168,10079,8445
면목로33길,163707,82657,81050,9158,28559,35734,29692,33081,27482
면목로35길,19456,9755,9701,589,3634,3903,3756,3862,3712
면목로48길,90084,46735,43349,6318,23841,16516,13853,17044,12513
면목로54길,71089,35762,35327,4628,17116,13349,11386,14490,10120
면목로74길,36258,17495,18764,2362,7289,7152,6016,7445,5995
면목로91길,53768,28637,25131,941,13214,11085,8495,10553,9481
면목로92길,86741,45311,41430,2370,21521,18003,14008,17216,13623
면목천로23길,10244,5161,5083,243,2113,2162,1692,2307,1726
명동길,73977,33828,40149,2468,22510,17281,13187,10217,8313
명륜길,146588,72945,73643,26339,84971,11511,8755,8282,6729
명지대길,52475,26259,26215,13706,21877,5200,5158,3954,2580
목동남로4길,16053,9157,6897,1378,2683,2182,3623,3039,3150
목동중앙남로10길,9839,4640,5199,1213,1651,1612,2123,2105,1135
목동중앙남로13길,23836,11402,12434,3040,4124,4887,4059,4364,3363
목동중앙남로4길,4403,1904,2499,650,702,692,1007,1001,351
목동중앙본로7길,19961,9772,10189,1734,3475,3317,4205,4178,3051
목동중앙북로7길,20417,10083,10334,1385,4286,4675,3626,3791,2654
목동중앙북로8라길,24778,12471,12307,1481,5113,4994,4239,5124,3828
목동중앙서로7길,63038,31845,31193,7530,11661,12621,11567,11544,8115
무수막길,161796,77070,84727,12354,25411,39167,29053,27586,28226
무학로14길,23801,13274,10527,989,4671,5496,4519,5112,3015
무학로30길,81923,44824,37098,2343,20286,16284,14481,14118,14411
무학로43길,25796,16686,9110,3235,12682,3456,2282,2386,1755
무학봉15길,30577,14492,16086,1759,8165,6394,4699,5245,4315
무학봉길,31812,15769,16042,2036,8275,6361,5148,5606,4385
문성로30길,31355,15187,16167,1994,9388,6329,4720,4668,4255
미성길,16725,8568,8157,849,3743,3788,2703,3058,2584
바람드리길,88811,43153,45658,3846,17307,18238,14819,18930,15673
바우뫼로37길,26138,15554,10584,115,5927,8119,5506,3744,2728
바우뫼로39길,152469,86686,65783,4317,34701,39061,27903,23116,23373
반포대로12길,16919,9533,7385,396,4358,4031,3595,2643,1895
반포대로19길,18225,10407,7817,577,4267,4476,3271,3355,2277
반포대로21길,25755,14417,11338,1523,5623,6058,4747,4433,3371
반포대로22길,30267,16305,13961,809,6808,7535,6351,4791,3971
반포대로9길,103769,54347,49422,9479,22189,22254,20424,15979,13444
방배로15길,47476,22596,24879,3115,12221,10595,8269,6650,6625
방배로23길,41940,20775,21164,871,11230,10452,7496,5985,5906
방배로31길,145162,74678,70484,9962,30265,32935,28560,22632,20808
방배로42길,44058,19152,24906,2508,6826,9307,9707,8062,7649
방배로6길,1245,610,636,103,244,239,205,214,240
방배천로4안길,10649,5217,5432,344,2856,2099,1601,1845,1905
방울내로7길,36586,16423,20163,3006,7439,8752,7206,5595,4589
방학로6길,151297,76425,74873,8167,26251,25879,30324,34142,26534
방화동로5길,1695,1014,681,69,412,363,264,396,191
백범로16길,64696,35190,29506,7378,22174,9982,9931,9088,6143
백범로25길,61650,31673,29977,4593,11541,14657,12963,10276,7621
백범로26길,6068,3159,2909,1226,1162,1289,1047,831,512
백범로77길,17876,9582,8294,778,4645,4752,3379,2082,2242
백범로87길,21466,11174,10293,392,5254,6461,4497,2744,2119
백범로90다길,76522,40949,35573,2702,19361,23804,13941,9474,7241
백범로90라길,16001,8347,7654,278,3956,4918,3216,2076,1557
백석동길,3274,1061,2213,6,664,511,456,696,941
백제고분로12길,14270,6777,7493,369,2653,3331,2270,2788,2859
백제고분로18길,16274,9367,6908,123,5172,4754,1944,2825,1455
백제고분로19길,106556,53326,53230,7459,23911,25344,18443,16574,14824
백제고분로21길,77984,37382,40602,7141,16393,19512,14154,11565,9218
백제고분로27길,157233,76140,81093,10020,33319,41544,28601,23851,19897
백제고분로31길,67470,32567,34903,3068,15619,18115,11909,10041,8719
백제고분로32길,168282,88052,80230,7808,37761,43892,31206,24624,22991
백제고분로34길,57026,30976,26050,1594,12148,15334,9713,9977,8260
백제고분로39길,77845,36775,41070,1592,18036,20403,12750,12841,12223
백제고분로40길,135402,68531,66872,7101,27293,31305,23244,25649,20810
백제고분로41길,135712,64615,71097,4425,38719,35442,19593,20805,16728
백제고분로42길,80014,37242,42772,5346,16929,16386,13054,14968,13331
백제고분로45길,78906,36603,42303,1064,23077,21714,11686,11997,9367
백제고분로46길,60809,29633,31176,4112,13225,12748,9666,11593,9466
백제고분로50길,69382,34214,35168,4538,13644,16858,12169,11961,10212
범안로17길,43499,26229,17270,1513,8565,9959,8532,9484,5446
법원단지5길,19964,9877,10088,1845,3381,3597,3925,4004,3212
법원단지길,131993,66755,65239,10072,24889,24633,23965,26099,22334
보국문로11길,32100,18608,13492,3921,11696,4374,3984,4276,3848
보국문로16길,35623,17924,17699,4714,11464,4983,5250,4547,4665
보국문로18길,34663,18255,16407,3903,8686,5624,5947,5174,5328
보국문로8길,25019,13898,11121,2282,6723,3366,4617,4468,3564
보라매로2길,34681,17359,17322,1849,8608,8270,6589,4717,4647
보문로13다길,86091,44417,41674,6504,24956,16100,13173,13594,11764
보문로19길,34714,18180,16534,1590,10334,6231,5529,5966,5064
보문로23길,41132,20695,20437,1828,11073,8370,6969,7568,5324
보문로29다길,28039,13205,14834,3696,6661,5045,5439,3915,3283
보문로30가길,133559,55270,78289,16951,68655,20772,11809,9711,5661
보문로34길,91445,35547,55899,11378,44967,14252,9004,7015,4828
보문로34나길,106784,35473,71312,16428,54884,13120,9229,7735,5388
보문로37길,22976,11330,11646,1455,6708,4382,3853,3671,2906
보문로3길,21829,11810,10020,1090,5031,4460,3766,4175,3308
복은길,47737,28278,19459,1675,18241,9978,6341,5866,5636
봉우재로14길,24873,12649,12224,2135,4332,4372,4829,4746,4459
봉우재로28길,29045,15346,13700,400,6037,5875,5389,6673,4672
봉우재로33길,58126,29651,28474,663,12514,12425,11066,12012,9446
봉우재로70길,55861,26663,29198,6182,9666,9315,9312,12444,8942
봉천로13길,15215,7441,7774,489,4759,4568,2147,1575,1678
봉천로23길,26942,13953,12989,474,8929,5743,4406,4182,3208
봉천로23나길,49974,26498,23476,1159,13222,10651,8153,8988,7801
봉천로30길,13204,6590,6614,918,3240,2411,2217,2211,2208
봉천로31길,49115,25068,24048,2980,11333,10339,7510,8588,8365
봉천로33길,22417,10940,11477,1171,5253,5163,3652,3595,3584
봉천로6길,53969,26840,27128,1246,21069,13180,7532,5678,5263
봉화산로30길,81151,41424,39727,2602,17046,17437,12394,18570,13102
봉화산로4길,86374,44939,41435,5540,15604,14390,14776,20816,15249
봉화산로56길,72316,36216,36100,6282,14425,13173,13130,14029,11277
부일로15길,13057,7025,6032,606,1701,2912,2963,2280,2596
북아현로12길,27867,12631,15236,3269,8288,3913,4076,4630,3692
북아현로14길,40340,18628,21712,4619,11300,5976,6117,6630,5699
북촌로5가길,26975,12217,14757,1839,6766,6410,5271,4048,2641
북촌로5나길,26671,11735,14936,764,7167,6774,4976,4714,2277
북촌로6길,11728,6035,5694,673,2600,2741,2396,1810,1509
불광로18길,760,385,375,3,64,58,65,287,283
불광로2길,22079,10469,11610,420,3983,4358,4426,4678,4214
사가정로27길,25727,13184,12544,2625,4880,4761,4758,4607,4096
사가정로51길,92029,46456,45574,4090,21495,16669,15241,19017,15517
사근동11길,37614,18351,19263,4020,16886,4814,4261,3812,3819
사근동8가길,24202,11236,12966,4654,11725,2254,2085,1888,1596
사근동8길,16278,8229,8050,2980,7857,1558,1447,1350,1086
사근동길,56795,28754,28040,9306,27734,6276,4916,4787,3775
사당로14가길,23664,11344,12320,1577,5398,5219,3763,3713,3993
사당로16길,147901,71864,76037,9484,34833,32840,23326,23843,23575
사당로17길,68174,32240,35934,4848,15627,13923,11159,11182,11434
사임당로12길,16674,7806,8868,934,5193,3850,2644,2151,1903
사임당로1길,28511,16854,11656,929,7358,7686,5489,4017,3032
사직로12길,13284,6698,6586,666,3454,3205,2666,1989,1305
사직로8길,23431,11775,11656,907,4830,6163,5144,3790,2598
사평대로22길,35088,15707,19380,1714,6005,7776,8991,6142,4461
사평대로28길,20965,10151,10814,941,4243,5007,4798,3357,2619
사평대로2길,32206,16111,16094,2370,6543,7131,7129,4961,4071
사평대로57길,101049,50388,50661,4816,37618,27940,14848,8910,6917
살곶이8길,9516,5402,4114,1142,5642,1368,679,589,96
삼각산로22길,9509,4343,5166,318,1888,1687,1818,1909,1888
삼선교로10길,112358,56977,55381,14954,36467,17936,16814,14835,11351
삼선교로14길,296822,144516,152305,53038,115789,38035,36857,29963,23141
삼선교로23길,89777,44511,45266,5721,26392,17323,15332,13745,11264
삼선교로4길,86229,41357,44871,12957,34597,11157,10915,9636,6968
삼성로100길,44829,25452,19377,1453,10352,13171,10035,5692,4126
삼성로146길,1531,692,840,19,484,427,242,141,217
삼성로64길,53821,28422,25400,9065,7983,8905,13038,8824,6006
삼양로112길,21461,10216,11245,1536,3864,3783,4407,4143,3729
삼양로139길,21938,8433,13505,1665,8768,2231,2874,4225,2174
삼양로144길,15854,3282,12572,3273,8089,931,1251,1374,937
삼양로173길,5336,3420,1916,157,343,375,816,1848,1797
삼양로19길,22178,10146,12032,2822,2713,4580,5492,3022,3550
삼양로20길,42084,20205,21879,4609,6331,7959,8020,7194,7971
삼양로24길,45748,23423,22325,6000,7065,7061,8566,8563,8492
삼양로27길,31749,15560,16188,2924,5312,5239,6275,6028,5971
삼양로32가길,2187,769,1418,254,223,316,489,492,412
삼양로38길,10157,4379,5778,881,1923,1501,1765,2649,1438
삼양로73길,12181,6189,5992,903,2540,1884,2072,2634,2147
삼양로74길,31857,16197,15660,2504,6228,5346,4912,6427,6441
삼양로77가길,10169,4653,5515,421,2675,1250,1611,2688,1524
삼양로8길,18512,8691,9821,2499,3216,3239,3365,3198,2996
삼양로91길,14319,6800,7520,419,2722,2669,2592,2908,3008
삼양로93길,28924,13343,15581,1255,5672,5163,4986,6025,5822
삼양로99길,4401,1976,2424,126,897,749,823,891,916
삼일대로32가길,28412,16328,12085,371,8080,6108,5005,4691,4158
삼일대로32길,44785,25707,19078,716,11694,10103,8205,7522,6545
삼일대로4길,13911,7996,5916,184,3043,3453,3395,2322,1514
삼청로5길,5925,2605,3320,125,1733,1401,1226,995,445
상계로12길,19824,9929,9895,1809,4556,2670,3665,3823,3302
상계로37길,9821,5324,4498,456,1293,1229,2082,2382,2379
상계로9가길,73998,38009,35988,5837,14162,11625,12138,16697,13539
상도로15길,153815,77274,76541,6385,38565,32014,23973,27714,25164
상봉로11길,24485,12064,12421,253,4633,4642,4291,5765,4901
상원10길,11958,6841,5117,295,2752,3065,2255,2102,1489
상원길,105211,60559,44651,2497,26920,30413,21435,15564,8382
상일로5길,14218,8723,5494,2078,2079,2265,3367,3074,1355
새말로16길,69375,35023,34352,2744,19185,17309,11315,10475,8347
새창로33길,26914,16116,10798,599,5047,6356,5539,5035,4339
서강대길,43976,27674,16302,9074,26146,2946,2599,2074,1137
서강로11길,16410,8163,8248,1166,6827,4113,2212,1166,926
서강로20길,108986,55267,53719,9053,49381,18299,12831,11088,8334
서달로14길,65344,31565,33779,3969,16536,11143,11002,11384,11310
서달로15길,100426,53402,47024,16667,48547,10205,8988,8871,7148
서래로5길,52288,25441,26847,3807,8876,11576,13148,8465,6416
서림3길,103687,60486,43201,4007,53710,19695,9054,8689,8533
서순라길,16253,8779,7473,312,4496,4033,2997,2503,1911
서오릉로13길,49447,24369,25078,4856,9493,9465,9328,9310,6995
서오릉로21길,261619,117851,143768,27130,48835,46543,44667,51682,42762
서오릉로7길,12007,5314,6694,135,2553,2887,2239,2341,1853
서오릉로8길,24051,10603,13448,511,4472,6272,4057,5042,3696
서운로11길,31282,16668,14615,1467,6111,7439,6673,5509,4084
서울숲2길,66035,32956,33079,3055,19976,15427,10325,10077,7176
서울시립대로27길,25023,12772,12250,1070,7743,3747,3818,4201,4445
서울시립대로29길,39809,23041,16768,5026,19898,4309,3604,4300,2672
서울시립대로2길,28132,15308,12824,172,6692,7328,5336,4439,4166
서울시립대로5길,3587,2018,1569,42,468,1131,498,565,883
서초대로19길,138916,71142,67774,8823,29897,32396,26831,21214,19756
서초대로1길,139389,69786,69604,8787,38018,27466,21786,22216,21117
서초대로23길,114507,58050,56457,4810,23848,27829,22163,18333,17524
서초대로25길,68297,34388,33909,2785,13798,15757,13567,11585,10805
서초대로26길,33977,16810,17167,1528,8610,8152,5936,4870,4882
서초대로33길,113640,57499,56141,3438,23128,26483,22370,20263,17957
서초대로34길,24341,12736,11605,516,5027,6241,4321,4384,3852
서초대로38길,36155,19359,16797,1044,7809,9106,7560,6152,4485
서초대로4길,46536,21370,25166,4719,9107,9223,8910,8162,6414
서초대로54길,32185,17576,14609,2271,7885,6336,6006,4358,5329
서초대로65길,2553,1231,1322,209,190,557,728,462,406
서초중앙로31길,24140,11672,12467,3052,3001,4876,5657,3989,3565
서초중앙로33길,57390,28339,29051,6788,7662,11747,14147,9232,7816
서해안로24길,2167,951,1216,119,279,543,468,400,359
석계로13길,5172,3584,1588,494,2318,522,541,509,788
석계로18길,24464,13446,11018,2657,7308,3633,3305,3759,3802
석계로7길,32714,17118,15596,2777,8102,5540,5644,5476,5175
석촌호수로18길,118670,61506,57164,3553,30591,30586,20368,18081,15491
선릉로130길,82253,41704,40549,4059,19550,22282,16927,10811,8624
선릉로6길,10464,5449,5016,699,1721,1495,1875,2411,2263
선유로33길,44600,23277,21323,2067,9006,12455,9464,6082,5525
선유로43가길,6169,3536,2633,419,1005,1570,1315,1038,821
선유로9나길,8820,5157,3663,200,1368,2509,2190,1425,1129
선유서로25길,17842,10826,7016,90,3882,5786,3493,2636,1955
성균관로9길,8224,4346,3878,1723,4377,498,937,501,188
성대로1길,24070,11994,12076,805,5936,4917,4165,4240,4005
성덕정11길,33826,17599,16227,780,6058,9445,7619,6441,3483
성덕정19길,41995,23766,18229,1623,8741,9445,7645,9080,5460
성덕정3길,8665,5044,3621,696,1620,1796,1576,1896,1081
성덕정길,110932,63406,47526,3290,21615,22338,20656,26640,16393
성미산로1길,47759,24037,23721,2546,12796,12373,9150,6827,4068
성미산로29길,21994,9814,12180,232,7754,5752,3700,2803,1753
성북로14가길,2861,1519,1342,376,638,590,468,436,354
성북로15길,4704,2104,2600,276,732,999,1077,1042,578
성북로18길,2921,1258,1662,119,408,736,682,658,318
성북로31길,2804,1217,1587,16,328,627,725,643,465
성북로8길,29367,13321,16045,2148,8457,5869,5073,4539,3282
성수이로7가길,32248,19885,12362,1061,7944,8757,6045,5378,3063
성수일로1길,8972,4825,4146,596,1973,2225,1780,1466,933
성수일로4길,27076,16416,10660,895,7509,7677,5001,3800,2194
성안로3길,146022,77433,68589,6837,27064,29349,30322,29789,22661
성암로3길,13296,6895,6401,1278,2747,2982,2786,2225,1278
성지3길,53213,28103,25110,1912,19725,14703,7365,6069,3439
성지길,82132,40731,41401,2907,27477,22284,12480,9914,7071
세검정로1길,24540,11415,13125,1747,3461,4616,5277,4734,4704
세검정로3길,105088,51700,53388,9257,17973,15233,20955,21063,20606
세무서7길,12441,6125,6316,909,2073,1922,2469,2565,2503
세무서길,107341,51732,55609,6619,19465,17796,21086,21274,21102
세종대로2가길,101653,55184,46469,550,20942,30980,25676,15799,7706
소공로3길,24426,11939,12487,1359,4304,5649,5117,4486,3511
소공로6길,5079,2616,2463,198,1160,1409,1000,784,529
소월로20길,41378,20408,20969,2293,10891,10371,6521,6107,5195
소월로2길,17771,9560,8211,98,3941,5409,4080,2655,1588
소월로38가길,2973,1368,1605,0,935,1001,493,298,246
솔매로17길,15342,7933,7409,563,3514,3292,3174,2587,2211
솔매로36길,26412,14162,12250,1407,6993,4068,4789,5782,3373
솔매로43길,66213,32379,33834,3228,14442,11148,10955,14003,12437
솔매로44길,105282,48660,56622,6983,23545,19302,18558,21275,15620
솔매로46길,102991,48798,54193,7282,22134,18669,17918,21026,15961
솔매로50길,184532,77736,106796,15332,38108,37486,33462,34219,25925
솔샘로18길,37360,20238,17122,4062,10170,6020,6067,5578,5463
솔샘로1길,1852,1181,671,66,1068,116,119,196,287
솔샘로47길,59953,29796,30156,5325,10508,9265,11139,11815,11899
솔샘로48길,71615,36132,35483,6623,12784,11307,13342,13640,13919
솔샘로4길,20965,12002,8963,2480,7536,2849,2599,2764,2737
솔샘로64길,38953,19648,19305,3856,6196,6552,6974,8154,7220
솔샘로65길,146565,68940,77626,10672,26756,27079,26008,31145,24906
솔샘로67길,86605,42830,43776,5286,16689,16553,16190,17994,13893
솔샘로68길,36992,18154,18838,2859,6607,6824,6859,7604,6238
송월길,159598,76436,83161,12262,30288,31338,31381,28078,26250
송파대로38길,34186,15182,19005,5388,7482,6755,4715,5555,4291
수색로14길,3457,2414,1043,15,703,428,719,925,666
수색로2길,47192,22466,24726,2604,9661,8941,8177,9375,8434
수유로23길,114407,56039,58368,3609,36180,20661,16222,19061,18674
수유로4길,100619,50680,49939,5143,28551,14607,17191,19122,16005
숭문16길,29516,13020,16496,1538,12007,4569,3383,5568,2451
숭문길,96396,45327,51069,7739,33261,15437,15482,14349,10129
숭인동길,33499,17813,15687,1889,6892,6204,5860,7308,5346
승방길,35358,17516,17841,696,10420,7892,5194,5493,5664
시흥대로102길,17483,10803,6680,113,2741,3288,3493,4795,3051
시흥대로120길,18449,9698,8750,121,4313,3858,3535,3828,2793
시흥대로122길,10144,5815,4329,87,2466,2398,2144,1866,1182
시흥대로128길,9773,5449,4325,109,2245,2228,1964,1905,1322
시흥대로136길,40613,21117,19496,126,7945,8323,7791,9188,7241
시흥대로138길,36848,19960,16889,348,7862,8118,6867,8391,5262
시흥대로141길,27969,17104,10865,125,7550,7237,4710,5004,3344
시흥대로149길,11489,6937,4552,11,3317,2994,1459,2218,1490
시흥대로150길,25833,13609,12223,253,3425,4352,6296,6520,4986
시흥대로151길,31808,19244,12564,203,9499,8460,4784,5435,3426
시흥대로152길,13859,8063,5797,29,2899,3248,2867,2702,2114
시흥대로153길,82082,46596,35486,898,23442,21150,13324,13854,9413
시흥대로160길,30117,16806,13310,453,9050,8215,4811,4544,3044
시흥대로28길,19046,11693,7354,2075,2016,4158,3898,4350,2550
시흥대로40마길,59341,30257,29085,6670,10322,10105,11068,11731,9445
시흥대로47길,31853,16727,15126,3629,5976,6382,5763,5801,4302
시흥대로50길,10096,5124,4972,983,2452,1788,1652,2031,1189
시흥대로68길,97365,51898,45467,4809,19529,17918,17351,21156,16602
시흥대로71길,35930,19313,16617,1786,7536,6601,6287,7740,5980
시흥대로72길,39216,20276,18940,1477,6592,7186,7800,8923,7238
시흥대로88길,27974,14805,13169,264,4148,5849,6149,7024,4541
시흥대로94길,77578,42984,34594,2490,15739,15969,14712,18087,10579
시흥대로96길,12903,7069,5834,361,2658,2703,2475,3096,1609
시흥대로98길,15270,8637,6634,308,2994,3189,2950,3747,2083
신길로23나길,11042,5900,5142,838,1934,2291,1978,2397,1605
신길로34길,16944,9047,7897,880,3555,2762,2667,4052,3028
신길로38길,42312,22112,20200,2356,9070,6205,6807,10192,7681
신길로39길,63959,32769,31190,3274,11974,11595,11323,13920,11873
신길로40길,25481,12806,12674,1152,5250,4181,4735,5571,4591
신길로41길,123314,63961,59352,6519,22935,22047,22801,27174,21837
신길로42가길,131642,66968,64674,6266,21238,23789,26261,29892,24196
신길로60마길,27227,14385,12842,3553,4446,5466,4453,4910,4398
신길로8길,6620,2470,4150,253,1232,1192,1319,1549,1075
신내로17길,642,259,383,12,111,162,158,133,66
신대방1가길,15561,7936,7625,170,4621,3605,2245,2602,2318
신도림로11길,15977,8296,7681,1398,2600,3034,3215,3293,2437
신림동5가길,71228,37741,33487,2455,35894,15957,7072,5625,4225
신림동길,170188,90481,79707,6180,81324,37711,18275,15038,11660
신림로11길,66533,41468,25064,3100,31289,13583,7135,6112,5314
신림로14길,19303,11477,7826,388,11200,3710,1693,1201,1111
신림로17길,118354,74502,43852,5580,59260,22701,12748,10005,8061
신림로23길,115306,73765,41541,6475,52837,26833,13301,8803,7057
신림로28길,20707,12726,7980,219,11449,4634,2137,1362,905
신림로30길,22714,14183,8531,368,12567,4566,2671,1440,1101
신림로32길,24077,14180,9898,1016,8519,5092,3321,3040,3089
신림로38길,37642,21933,15708,1100,13556,8279,5014,5037,4655
신림로3가길,37212,22967,14245,4066,16822,6431,3793,3982,2118
신림로48길,24979,13039,11941,715,8009,5427,3147,3905,3776
신림로58길,36728,19025,17704,886,15837,7031,4529,4688,3757
신림로64길,73944,38369,35575,3594,32727,14967,8457,7602,6597
신림로65길,108308,56649,51658,4501,56594,22691,10529,8427,5565
신림로73길,125565,64409,61155,3011,45853,31543,18253,13904,13001
신목로2길,37457,19020,18437,4650,7079,5400,7503,7536,5288
신목로4길,73588,37290,36298,11516,12734,10061,14864,14585,9829
신목로5길,61203,25555,35648,6265,9083,12781,14708,12110,6255
신반포로15길,20502,8554,11948,3198,2506,3054,5417,3170,3158
신반포로45길,64910,36698,28212,1579,16835,18137,13541,8263,6555
신원로3길,116357,60630,55727,2776,39618,25234,15694,18508,14528
신원로4길,18403,8449,9954,737,6144,4142,1828,3386,2165
신월로15길,18719,9999,8720,761,2603,3452,3773,4446,3685
신월로16길,12360,6748,5612,427,1737,2158,2442,3069,2527
신이문로24길,5937,2943,2994,107,1258,1146,1040,1233,1153
신정중앙로23길,87416,44391,43025,5543,19435,18058,16353,15575,12452
신촌로12길,55562,26568,28995,4300,23551,10654,6576,5713,4768
신촌로1길,86775,39216,47559,4120,38568,18220,10839,8643,6385
신촌로24길,79423,33836,45586,5747,40500,12691,8609,6892,4985
신촌로30길,159483,74232,85251,9303,39325,32658,25249,30461,22486
신촌로37안길,540168,273988,266180,18676,134102,136894,104189,82630,63678
신촌로3길,32111,14543,17568,1368,14343,6996,3920,3068,2416
신촌로4길,66993,31345,35648,3208,29077,15417,8146,6311,4834
신촌로9길,49317,23379,25939,3931,28947,7745,3518,3079,2098
신풍로8길,19890,10268,9622,558,3767,4297,3548,4523,3197
신흥로20길,16961,8230,8731,540,4440,4186,2967,2481,2347
신흥안길,60,50,10,0,9,5,9,23,14
쑥고개로11길,62905,31934,30971,2718,18860,11747,9043,10151,10386
아리랑로19길,8534,4326,4208,435,1478,1197,1647,1628,2149
아리랑로5길,21402,9859,11543,2501,5091,3608,4103,3454,2646
아차산로51길,26062,12846,13217,389,9103,6674,5042,2942,1913
아차산로70길,12443,5701,6741,1373,2008,2100,3055,2276,1631
아차산로76길,12876,6651,6224,705,2915,2693,2482,2205,1877
아차산로7가길,15379,8665,6714,353,3218,3690,2775,3221,2122
아차산로7길,45164,26072,19092,764,10278,10937,8528,8973,5684
안암로5길,18117,10102,8015,1400,4551,3294,3011,3624,2237
안암로6길,60054,39095,20959,7773,30199,7829,5002,5366,3887
안암로9가길,76638,49853,26784,11335,43784,8567,5414,4593,2944
안암로9나길,25407,14912,10496,2506,6918,4500,3838,4365,3281
압구정로29길,1771,801,970,48,165,428,519,291,320
압구정로4길,45210,19187,26023,2165,17273,13033,6887,3088,2764
약령서길,10036,5514,4522,492,2541,1253,1441,2176,2133
양녕로1길,39304,19065,20239,1599,11240,8775,5703,6423,5563
양녕로2길,110751,53988,56763,4706,34084,23005,16534,17132,15290
양산로19길,41669,21836,19833,613,9437,9621,7389,7822,6787
양산로23길,16404,9326,7078,75,3766,3291,2567,3420,3286
양재대로103길,139069,68516,70553,4606,29102,32590,26023,26336,20412
양재대로124길,39321,19773,19549,3452,6823,7952,7167,7762,6166
양재대로128길,69696,37752,31944,6717,17392,13510,11001,11209,9868
양재대로85길,94714,49198,45516,9579,18807,17484,18002,16963,13878
양재천로19길,33351,19273,14078,826,7057,9964,6924,5427,3153
양천로14길,34818,17967,16850,2332,7288,7183,5706,6556,5752
양천로49길,70267,39348,30919,5980,15184,14301,12889,12810,9103
양천로57길,26812,13059,13753,1047,6240,5821,3668,4961,5075
양천로69길,17086,8256,8829,2313,2131,4462,4151,2294,1734
양평로17길,46951,27134,19817,2232,12071,11390,9492,7920,3846
양평로18길,53799,28614,25184,4445,15419,12221,9255,8336,4124
양평로19길,18646,10860,7786,625,4786,4956,4043,2986,1251
양평로20길,57412,31775,25638,3645,15773,13560,10536,9139,4760
양평로22길,39480,22598,16883,1449,10596,10882,7826,5692,3035
양평로24길,26767,15403,11364,877,7292,7664,5244,3769,1922
양화로19길,20481,8906,11575,964,9342,4964,2603,1617,991
양화로23길,23452,10132,13320,1059,11384,5465,2808,1718,1019
양화로7길,131325,63676,67649,2988,45868,39175,22057,12814,8424
어울마당로1길,21746,11129,10617,965,10034,5701,2460,1644,942
언남11길,6669,3987,2683,18,1491,2701,1698,585,176
언주로108길,37941,20912,17029,406,10575,12601,7261,3888,3211
언주로125길,44325,25629,18696,473,11347,13241,9368,5395,4502
언주로30길,100208,49720,50489,3289,16468,25687,23615,16727,14423
여의대방로13길,26883,13263,13620,3105,5798,5986,5288,3826,2879
여의대방로24가길,46975,26058,20916,6378,10472,8994,8777,6981,5373
여의대방로36길,51953,26851,25102,8866,11081,8274,9281,8157,6293
여의대방로43가길,11353,6258,5095,1799,2874,1918,2065,1697,999
여의대방로55길,57047,29180,27867,2912,15865,11259,10032,9525,7454
역말로9길,36470,15797,20673,3527,7498,7541,6124,6031,5748
역삼로78길,56834,29364,27470,9510,11277,10771,12794,8831,3651
연남로5길,126283,59664,66620,4874,47659,34583,19639,11837,7693
연대동문길,63988,19293,44695,6419,32512,9250,6627,5559,3621
연무장3길,16709,9355,7354,432,4453,4923,3216,2556,1129
연무장5가길,53045,31239,21806,1158,14665,14407,8997,8904,4913
연무장길,110846,64726,46120,2085,31001,28183,19871,18964,10742
연서로13길,33186,14381,18804,6141,5631,5522,6324,5892,3675
연서로16길,95359,42469,52890,8188,17800,19267,20042,17177,12886
연서로17길,83605,39047,44558,6800,15727,15374,15488,16250,13964
연서로19길,81501,37787,43714,7378,15673,14397,14988,15438,13627
연서로20길,193994,82731,111264,29086,35516,35140,35832,30344,28076
연서로21길,83674,38726,44948,8282,16401,14374,15468,15370,13778
연서로27길,27186,11810,15376,2431,6366,5390,5222,4222,3555
연서로28길,242856,119333,123524,25512,76942,45230,38790,31061,25320
연서로34길,48030,24337,23693,4711,8940,7224,8640,8788,9728
연서로3길,137562,64759,72803,14927,27073,26385,25887,24177,19114
연서로5길,18977,9043,9935,1655,3772,3662,3365,3411,3113
연서로6길,145128,68926,76202,9835,31354,32093,26502,25260,20084
연서로9길,107057,50061,56996,17547,18737,19154,19407,17701,14511
연세로2길,106210,45132,61079,7798,55427,17201,11719,8939,5126
연세로4길,63464,29875,33589,7513,38633,8524,4233,3289,1272
연희로11가길,34167,15709,18458,1218,11780,8146,5665,3928,3431
연희로15길,111149,51983,59166,4836,39468,25408,18491,13023,9924
연희로25길,40933,19926,21007,2222,11256,8526,7571,6556,4802
연희로41가길,6875,3923,2952,198,912,1402,1424,1726,1213
연희로41길,10125,5480,4646,378,1481,2008,2031,2287,1940
연희로8길,40264,20962,19302,1033,21470,6364,4185,3969,3242
영등포로13길,75291,42783,32509,1844,15697,18265,15891,13459,10136
영등포로18길,5955,3968,1986,4,1387,2052,1383,597,531
영등포로25길,47257,25924,21333,469,12028,10912,7523,8749,7576
영등포로27길,23206,12392,10814,409,5085,5953,3566,4412,3781
영등포로5길,13537,8237,5300,59,3008,4454,2656,1928,1433
영등포로62길,23631,12771,10860,1367,6654,6077,3244,3459,2830
영등포로64길,60642,32073,28569,3711,10025,11034,11846,12691,11336
영등포로72길,65297,33798,31500,2871,15990,13534,11007,11348,10548
영등포로80길,314631,154356,160274,18674,72518,59529,56094,55495,52320
영등포로84길,136773,63712,73062,6496,33998,26776,23752,23610,22141
영신로17길,27746,16648,11098,1647,8831,5188,4220,4163,3697
영신로19길,27916,17113,10803,2025,9225,5084,4100,3963,3520
영신로57길,22642,11289,11353,979,5095,5988,4052,3659,2868
영중로42길,27768,13592,14176,1062,8644,6953,4909,3574,2626
오금로11길,132333,70105,62228,4692,40419,32494,22289,19065,13374
오금로31길,6045,2634,3411,817,951,1043,1068,1568,598
오금로32길,2588,1232,1356,430,430,402,357,492,477
오금로35길,17501,9070,8431,1602,2759,2972,2941,3969,3259
오금로36길,100686,53923,46763,6480,17396,20760,19880,21036,15134
오금로46길,69322,34177,35145,7567,12422,11819,12585,14266,10664
오류로8길,84370,41480,42890,4176,18285,18432,14593,14856,14029
오목로54길,63645,31584,32062,6061,16257,11624,12576,9883,7244
오패산로13길,20746,10122,10624,2237,3383,4219,4123,3393,3391
오패산로19길,36919,16747,20172,4521,6664,6216,6413,6285,6819
오패산로30길,16132,7831,8300,630,3165,3425,3486,2766,2659
오패산로31길,101515,48572,52943,8527,28458,18343,15785,15573,14828
오패산로3길,77932,37492,40440,6835,16220,14406,14470,13455,12546
오패산로67길,119453,65200,54253,2022,30216,20753,20811,24825,20826
오현로31길,35296,17895,17401,692,6074,4130,8201,7658,8540
오현로32길,30122,13877,16245,2762,3887,5342,6391,5263,6477
옥인6길,5952,1711,4241,1447,1577,854,953,676,445
올림픽로32길,97440,53118,44322,3658,28050,24923,15541,15202,10066
올림픽로35길,15841,7351,8490,910,2232,3816,3229,2651,3003
올림픽로4길,537,161,377,86,33,67,106,78,167
올림픽로62길,75474,36991,38483,3095,21765,15792,11729,13299,9794
올림픽로92길,92401,46542,45859,6593,16783,18848,16491,18298,15387
올림픽로98길,185889,92409,93480,11041,35112,37799,35667,35799,30471
와우산로29길,58043,25093,32950,6388,28805,12522,5570,3005,1753
와우산로29나길,58523,24459,34064,6558,30505,11924,5341,2696,1498
와우산로30길,60556,28448,32109,8908,31901,10452,4955,3009,1332
와우산로3길,40411,20396,20015,1267,17165,11348,4779,3357,2495
왕산로22길,67834,35480,32353,4630,19272,14070,11410,9944,8509
왕산로30길,82014,40395,41619,970,11519,10741,11434,16587,30764
왕산로32길,17440,8856,8584,133,3094,3425,2680,3513,4595
왕산로3길,11224,6260,4964,530,2952,2467,1950,1767,1558
왕산로45길,49239,24451,24787,1442,10969,9098,7581,9163,10986
왕십리로14길,31863,16480,15383,669,7127,7619,6212,5707,4529
왕십리로26길,213558,108420,105138,10724,61201,42001,34967,37797,26868
왕십리로30길,164041,83703,80338,9403,40439,31746,28710,32131,21612
왕십리로33길,35134,15926,19208,1590,8577,8101,5800,5726,5341
왕십리로5길,90675,45903,44771,2908,25031,21476,15596,15088,10576
왕십리로6길,84638,47211,37428,2367,21984,22643,16590,12835,8218
왕십리로8길,24896,13629,11267,870,6461,6466,4691,3799,2609
용답중앙11다길,5135,2653,2482,202,1240,862,1071,1010,751
용답중앙13길,10276,5472,4805,277,2392,1979,1865,2082,1681
용답중앙길,96500,51509,44991,3314,23738,19017,17450,17893,15088
용마산로115길,72607,38110,34497,2233,13319,13061,12518,18008,13468
용마산로117길,25966,12862,13104,1531,3823,5058,4676,6171,4708
용마산로45길,34322,17819,16504,1277,7285,7502,5614,6868,5778
우사단로10길,191262,95029,96233,2392,63466,59258,31359,19525,15262
우사단로2길,70953,41641,29311,2685,25805,18261,10562,7232,6408
우이천로4라길,81610,41441,40169,1682,13250,14458,18833,17991,15397
원효로19길,31013,19391,11622,1359,5323,8230,7227,5140,3734
원효로35길,34840,19504,15335,1859,6694,8809,8011,5560,3907
원효로41길,28717,17995,10722,655,6447,7145,6668,4627,3176
원효로53길,39516,24852,14664,842,7709,9901,8467,7146,5449
원효로71길,4596,2749,1848,29,1179,1640,553,763,433
원효로89길,57655,33050,24605,3039,14363,16349,11378,7472,5053
월계로37길,11337,5889,5448,962,2000,1673,2215,2056,2430
월계로7나길,227994,110226,117767,20567,60899,41080,36776,35981,32691
월곡로5길,58852,28834,30018,4881,12258,9732,10627,10692,10662
월드컵로10길,94884,46202,48682,3922,29232,26858,16581,10766,7525
월드컵로14길,62183,30301,31882,2281,19581,17804,11204,6721,4591
월드컵로23길,242870,112373,130497,10408,71664,64946,41268,29764,24818
월드컵로25길,91843,42398,49446,5526,22819,24308,17538,11684,9968
월드컵로29길,135211,64650,70561,9527,32467,34198,25649,18222,15147
월드컵로31길,108418,54070,54348,6719,24858,26295,20215,17086,13245
월드컵로32길,27436,12899,14537,1500,9285,7169,4454,2955,2073
월드컵로36길,21750,10331,11419,1810,4440,4662,4175,3674,2990
월드컵로3길,69596,31715,37881,1451,24611,20729,11628,7235,3942
월드컵로7길,75174,34626,40548,2183,27917,23744,10808,6171,4351
월드컵북로16길,102254,50776,51477,5655,27974,24939,19967,12911,10807
월드컵북로30길,48586,23664,24922,5491,9865,9874,9389,7845,6122
월드컵북로48길,102460,55406,47054,3372,26409,28278,21081,14109,9211
월드컵북로4길,57508,27352,30156,1857,24413,16601,8085,4058,2495
월드컵북로6길,160651,75839,84812,5841,64249,44683,23910,13575,8392
월드컵북로7길,128009,65265,62744,3894,39653,35338,23431,15234,10459
위례성대로18길,139534,70508,69026,20756,25868,25304,24882,24679,18046
위례성대로20길,33017,16299,16718,3975,5831,5506,5964,6488,5253
율곡로10길,32220,17412,14808,630,8965,7967,5942,4915,3802
율곡로17길,11603,6089,5514,333,2865,2268,2123,2090,1924
율곡로19길,28653,15769,12883,653,7152,5546,5369,5440,4493
율곡로1길,15161,7587,7574,560,3776,4234,3041,2198,1352
율곡로3길,14410,6708,7701,727,3650,3579,2812,2188,1453
율곡로6길,28746,16211,12534,498,7554,6999,5376,4488,3829
은천로25길,18957,9047,9910,1374,3578,4048,4102,2962,2893
은천로5길,23981,12865,11116,605,5779,5251,3984,4440,3922
은천로6길,109261,56247,53013,7410,25006,22650,17007,19218,17970
은천로9길,48504,25136,23368,3287,11184,10065,7353,8644,7970
은평로10길,78492,38398,40094,5342,13894,15133,16621,15537,11965
은평로11길,31030,14990,16041,1553,4797,6463,6902,6729,4586
은평로12길,45626,20513,25113,5332,7863,8483,9157,8146,6645
은평로13길,15102,6683,8419,899,1669,3481,3724,3217,2112
은평로20길,33139,18601,14538,4712,4066,4677,7789,7263,4633
은평로21길,49705,26692,23012,5142,8439,8771,10814,9694,6845
은평로3길,99816,48903,50913,8346,22430,20000,18072,16765,14202
은평로6길,63760,26824,36936,3163,12825,15685,12529,10958,8600
은평로8길,49531,21254,28276,3352,7473,11586,10689,8956,7475
은평로9길,42397,17223,25174,1406,7045,10071,9220,8786,5869
을지로22길,39176,23689,15488,687,6262,9024,8471,8485,6247
을지로30길,22206,14135,8071,34,3031,4011,4554,5432,5144
을지로32길,11197,7168,4029,3,1460,1861,2239,2966,2668
응암로11길,226240,112394,113846,13183,47708,45960,41200,41806,36383
응암로12길,83528,42111,41417,8160,15260,15641,14874,15905,13688
응암로13길,43319,22493,20825,2694,9335,7428,7754,8799,7309
응암로14길,94513,48081,46432,6542,18109,18425,17661,17726,16049
응암로1길,24795,12565,12230,1765,4339,4504,4246,5036,4906
응암로20길,86708,43960,42747,4276,14809,17887,18107,16586,15043
응암로22길,85005,43903,41103,4498,15048,17177,18085,15995,14202
응암로29길,128460,63419,65042,12004,24634,25828,25714,21430,18851
응암로34길,46359,22733,23626,4756,6781,9220,10115,7223,8263
응암로9길,77263,39150,38113,4293,13912,14849,13879,16285,14045
이문로12길,24578,11551,13027,2258,10730,3505,2908,2481,2695
이문로24길,35439,17297,18142,5029,21206,3440,2688,1852,1225
이문로25길,27797,13834,13963,4355,17310,2249,1961,1173,750
이문로28길,145033,69589,75444,20851,88382,13540,9913,7596,4751
이문로42길,73651,38555,35097,5228,23195,12975,12003,10813,9438
이촌로14길,4721,2848,1872,0,537,1666,897,765,855
이촌로22길,9907,4772,5134,11,1136,3164,1684,1770,2141
이태원로17길,26066,12063,14003,554,13450,6586,2736,1694,1046
이태원로20가길,63077,29186,33891,1237,31886,15765,6793,4099,3298
이태원로20길,53808,24943,28865,1062,27152,13391,5757,3544,2902
이태원로26길,29494,13809,15685,436,13944,7325,3235,2561,1993
이태원로27길,39354,19775,19579,622,21762,10745,3495,1796,935
이태원로36길,61943,31304,30639,534,19950,18986,11546,6451,4476
이태원로42길,27030,12153,14877,246,10694,8186,4256,2327,1322
이화장길,41332,19171,22161,2341,12548,9000,6880,5671,4892
인수봉로55길,36585,16796,19789,1574,7812,8994,6074,6754,5377
인수봉로56길,21150,10464,10687,648,3936,3833,4302,4258,4175
인수봉로67길,8942,4070,4872,772,1957,1574,1601,1668,1370
인수봉로68길,34719,16615,18104,2129,5872,5609,7237,6700,7172
인수봉로77길,14856,6947,7909,1527,2543,2540,2646,2872,2728
인수봉로78길,37457,17705,19752,2465,7516,6840,7197,7282,6157
인수봉로79길,31245,14539,16706,1893,5583,5284,5694,5953,6839
인촌로17가길,52115,25174,26941,5224,17620,7533,6388,7568,7783
인촌로1길,73838,36302,37536,4397,26050,13470,10790,10919,8212
인촌로24가길,51382,31332,20049,10225,30230,5166,3041,1642,1077
인촌로24길,205799,128773,77026,35256,117299,22407,14834,9592,6411
인촌로27길,125014,68924,56090,25054,68650,10842,7638,7515,5315
인촌로28길,71789,37073,34715,12464,38619,6522,5209,4688,4286
인촌로7다길,519556,227757,291800,56493,231484,84710,58091,50858,37919
인헌3길,18032,9115,8918,2133,5143,4592,2592,2003,1569
인헌4길,12700,6225,6475,673,3833,2654,1864,2116,1560
인헌6길,72653,36530,36123,3808,25766,15823,9978,9790,7487
인헌길,85309,41739,43570,5635,23585,21239,12768,12220,9861
일원로9길,103318,54083,49235,3981,20060,19296,18361,21603,20017
자동차시장1길,6054,4048,2006,32,1577,1448,1350,1070,577
자양로15길,231435,119665,111770,12297,52552,46896,39309,44613,35767
자양번영로1길,31198,16222,14976,2148,6915,7074,5148,5471,4443
자하문로10길,11951,7525,4425,368,3046,3204,2564,1855,914
자하문로24길,9033,5817,3216,399,1866,2441,2129,1512,685
자하문로41길,896,444,452,40,246,138,168,179,125
자하문로5길,35159,16799,18360,2409,8827,8255,6963,5317,3389
자하문로7길,59109,24703,34406,6577,16118,13296,10531,8319,4268
자하문로9길,47920,19250,28669,5841,13080,10572,8343,6706,3377
잔다리로7안길,151979,74658,77321,3273,52090,45927,26023,14986,9681
잠원로14길,16338,7911,8427,974,1882,3678,4022,3009,2773
장군봉1길,119228,60168,59061,5152,36078,22542,17115,18784,19557
장군봉2길,40944,20656,20287,3060,10971,7458,6689,6455,6311
장문로45길,50603,28424,22179,1698,15559,11771,9203,6323,6048
장문로6길,12362,7685,4677,1024,2848,2073,2552,2049,1816
장월로1길,159667,65255,94412,15486,53529,22050,24462,23182,20958
장월로1마길,38101,14793,23308,4225,12533,4881,5837,5482,5145
장월로3길,8712,4093,4619,680,2783,1486,1237,1350,1177
장위로38길,29867,14726,15141,1886,4689,4844,5649,6516,6284
장위로40길,18870,9620,9250,1164,2834,3124,3772,4005,3971
장충단로8길,76966,42398,34568,2452,20883,16925,13853,12554,10298
장터2길,20682,10232,10450,1022,4101,4484,3579,3650,3845
장터3길,116937,57133,59804,7885,20776,25697,20801,20534,21245
장터5길,39338,20042,19296,2575,7575,7302,6715,7203,7968
장터길,35765,18331,17434,2042,7275,7097,5993,6537,6820
장한로18길,18250,9702,8548,352,4343,5585,3287,2410,2273
장한로25길,36793,20056,16737,1402,8285,8627,7328,6497,4654
장한로32길,52259,28963,23296,6186,8901,10289,10859,8580,7444
장한로5길,47113,25952,21161,715,9860,11012,9835,9129,6563
전농로16길,17032,7953,9079,2039,4996,2774,2621,2496,2106
전농로17길,34345,16578,17767,4388,16022,3611,3355,3506,3463
전농로20길,24020,11510,12510,3605,10133,3043,2653,2486,2100
전농로27길,315359,171864,143495,29767,84246,57459,51790,49781,42316
전농로29길,129330,64047,65284,19491,35964,19189,18999,19555,16132
전농로37길,83317,46173,37145,6200,28010,12728,11835,12385,12160
전농로3길,29796,14857,14939,2696,5732,6282,5964,5341,3782
정릉로10길,20733,11950,8783,3820,8460,2136,2171,2091,2055
정릉로26길,12394,5771,6624,1209,2492,2238,2260,2154,2042
정릉로27길,33639,15764,17875,3368,7042,6232,6140,5472,5384
정릉로31길,1482,661,821,76,251,301,298,266,289
정릉로31나길,76,13,63,1,9,14,17,18,17
정릉로6길,3442,1891,1551,746,2430,115,90,46,15
제기로20길,59350,32873,26477,1744,9544,9980,9241,12488,16353
제기로2길,93757,48276,45481,14765,47283,9258,7929,7420,7102
제기로38길,66481,32885,33595,2262,15708,11708,10198,12228,14377
제기로5길,120189,63218,56971,20137,73434,11110,6525,5357,3626
조원로12길,52143,28744,23400,947,12074,10459,9121,10959,8583
조원로13길,19952,10562,9389,326,5637,4355,3458,3077,3099
조원로18길,28220,15260,12960,983,8029,5830,5027,4367,3985
조원로31길,94364,44171,50193,1489,28273,20596,13443,15497,15066
조원로6길,59339,31534,27805,1139,14841,13404,9294,12015,8646
조원중앙로2길,90880,49340,41540,2252,20504,18693,15742,19150,14539
종로24길,35566,21558,14008,843,8739,5867,5875,6391,7850
종로26길,4932,3242,1689,63,998,844,898,1011,1118
종로41길,23137,14290,8848,640,4885,4421,4245,4826,4120
종로44길,54750,29562,25188,1421,10412,11936,10330,11213,9438
종로51가길,26183,13651,12532,974,4347,4266,4861,6470,5264
종로57길,96934,48079,48855,6033,18379,18476,18365,18697,16984
종로58가길,88030,41269,46761,1591,19650,21721,18406,14261,12400
종로5길,20726,11762,8964,896,4611,5868,4767,3080,1504
종로63길,40373,22460,17913,1694,7517,6241,6688,9449,8785
종로65길,115795,60263,55532,5326,25618,20955,19673,24420,19803
종암로14길,62867,31196,31670,6519,13162,10343,11049,11103,10692
종암로19길,30221,15053,15169,2121,5894,5670,5443,5588,5506
종암로27길,81459,40541,40918,7667,15878,14467,17341,13882,12223
종암로5길,31306,14892,16414,4698,17227,3574,2215,2212,1381
주흥13길,15597,7835,7763,206,5020,4105,2619,1883,1765
주흥길,360719,187287,173432,13071,125396,99861,57547,35552,29292
중계로18길,18102,8728,9375,6213,2918,1577,3591,2469,1335
중대로9길,178076,99269,78808,8999,33802,40137,37627,34831,22680
중랑역로13길,3882,2048,1835,77,470,525,812,1452,546
중랑천로10길,119421,62825,56596,5957,30874,22117,20897,22814,16762
중랑천로12길,77305,40844,36461,4653,24290,14057,11931,12882,9492
중림로5길,16875,9000,7875,529,4587,4825,3274,2144,1517
중앙1길,141694,69329,72365,5488,44618,28893,20412,21576,20708
중앙길,76221,37022,39199,2791,22891,15642,12039,11583,11275
중앙로1길,33526,17318,16208,5348,6106,5131,6005,6198,4737
중앙로34길,60256,31331,28925,4266,10561,10922,12821,12269,9417
중앙로45길,40913,20367,20546,1036,7724,8584,7067,8827,7675
중앙로46길,51458,26458,25000,3763,9161,10520,9513,9820,8681
중앙로6길,109599,66818,42781,21905,42286,12885,12476,11720,8326
증가로10길,138908,68199,70708,32017,73256,10455,9922,7866,5391
증가로12나길,78887,38527,40360,13663,33333,9530,9040,8457,4865
증가로20길,59808,29625,30182,9436,18961,8673,8693,8089,5956
증가로24바길,13018,6259,6758,1364,2797,2443,2126,2072,2216
증가로25길,2186,1058,1128,168,381,324,668,328,317
증가로29길,21137,10824,10313,901,4332,4015,3425,4383,4081
증가로8길,73367,37705,35661,12233,32274,8298,7501,7032,6029
증산로15길,35852,19581,16271,1501,5271,5284,7248,8498,8051
증산로17길,63556,33166,30389,3550,12048,10599,12732,12760,11867
증산로23길,72242,35979,36263,5962,15768,13814,12968,12993,10737
증산로3길,25516,13882,11633,297,5966,5456,4351,4889,4556
증산로9길,41906,23215,18691,2542,6701,7499,8402,10271,6492
증산서길,66825,36208,30617,2092,14478,12682,12796,13903,10873
지봉로17길,14606,7425,7182,638,2924,3236,2637,2796,2375
지양로3길,4637,2649,1988,209,562,840,1092,1206,729
진흥로12길,21543,10538,11005,785,4190,4481,3774,4034,4281
진흥로1길,187909,88675,99233,9449,36945,40313,36436,35931,28835
진흥로7길,60372,28378,31994,1213,11443,12596,12250,12735,10134
창경궁로13길,6790,4818,1972,27,1029,1072,1171,1626,1865
창경궁로1길,7453,4883,2570,77,1076,1262,1524,2021,1493
창경궁로27길,38572,19936,18636,5265,20387,4975,3440,2577,1929
창경궁로35길,33029,15312,17717,2373,9369,6044,5654,5142,4446
창경궁로43길,81888,38479,43408,6728,23051,15899,13665,12878,9667
창덕궁1길,47035,29605,17430,2404,8939,14468,10143,7040,4042
창덕궁길,28349,18788,9560,1691,5667,9960,5850,3882,1298
창신3길,7600,3839,3761,266,1114,1169,1490,2084,1477
창신6길,23656,11656,12000,848,3931,3910,4685,5774,4508
창신길,97495,48120,49374,2869,17778,16926,19034,24215,16674
창의문로11길,1445,608,836,8,469,268,233,256,210
천장산로4길,49249,23681,25568,6442,31206,4127,3178,2748,1549
천장산로7길,98428,48123,50304,16613,62276,6678,5550,4547,2764
천장산로9길,54256,26706,27550,9314,33659,3632,3172,2617,1863
천중로40길,34144,17247,16897,1789,7248,7999,6371,5773,4964
천중로50길,149508,75668,73840,7850,31002,30704,27611,28555,23787
천호대로111길,129147,65384,63763,4441,36213,32338,19141,21176,15838
천호대로134길,26071,13152,12919,3360,4303,4873,5151,4692,3691
천호대로13길,98913,56615,42299,9169,29270,19165,16003,14813,10493
천호대로16길,20325,11510,8815,226,4469,4550,3857,3847,3376
천호대로170길,186863,89658,97205,8990,35899,44496,34539,35339,27600
천호대로17길,37005,18717,18288,1005,9761,8222,6718,5728,5571
천호대로27길,35359,18120,17239,1548,8516,6592,5952,6590,6159
천호대로77나길,8804,4594,4210,82,1711,2164,1899,1713,1235
천호옛14길,75733,38229,37504,4264,25709,16426,11285,10273,7777
청계천로10나길,25260,14458,10802,528,4419,6109,5487,5379,3338
청계천로12가길,27223,15865,11358,528,4873,6498,6074,5819,3431
청구로17길,46605,23949,22656,2831,12124,9407,8739,8002,5503
청구로21길,41926,21698,20228,1579,10914,8507,8231,7450,5245
청구로3길,176493,84827,91666,10264,39491,38343,31049,31608,25739
청두곶길,13240,6044,7196,306,3582,3310,1790,1946,2306
청룡3길,65030,33692,31338,3109,27548,12294,7273,7514,7292
청룡4길,163089,82671,80419,7033,49292,30705,23108,26053,26898
청룡7길,112554,58444,54110,4779,48930,21764,12227,12595,12259
청룡8길,93836,48319,45518,4105,28765,17177,13747,15318,14726
청룡길,77376,39665,37711,3820,28773,14313,10169,10465,9836
청룡중앙길,41507,21273,20233,2833,16533,7372,5449,4983,4336
청림2길,52667,24424,28243,3975,9651,10953,9095,9253,9739
청림5길,74918,36588,38330,4396,14941,16035,12925,12949,13673
청림길,35890,16493,19397,2549,6386,7705,6248,6302,6699
청파로43길,85105,27467,57638,11289,42282,12659,8021,6340,4515
청파로45길,30761,14012,16749,2997,12209,6031,4096,2974,2454
청파로47길,264599,75248,189350,39596,137907,34513,22312,17387,12882
청파로49길,88901,30109,58792,11463,43042,13638,8645,6956,5157
청파로85길,16335,9532,6803,305,3541,4080,3714,3133,1562
청파로93길,33737,20078,13658,263,7079,8474,7972,6548,3402
청황길,3759,2546,1212,79,298,934,1082,873,492
초록마을로8길,86901,36797,50104,7856,17495,22657,16628,10640,11625
충정로4길,114677,60696,53981,3467,30543,32235,22824,15309,10299
충정로5길,8173,4447,3726,396,1995,2067,1841,1144,730
충정로6길,22607,12198,10409,794,4840,5834,5108,3723,2309
충정로9길,8601,4325,4276,208,1752,2381,2069,1361,830
탑골로2길,10338,5621,4716,585,1821,1831,1796,2430,1875
탑골로4길,7109,3735,3374,473,1154,1194,1250,1772,1265
토정로11길,19777,9851,9926,625,7898,5550,2561,1776,1367
토정로31길,18251,8801,9450,918,3100,4433,4259,3008,2532
토정로37길,42525,22659,19867,1684,8293,11383,9544,6907,4712
통일로12길,73790,35522,38267,4554,11925,12373,15861,13999,15077
통일로14길,28990,12898,16091,2831,3988,5673,5362,5376,5760
통일로25길,7579,3815,3764,281,1201,1347,1686,1641,1422
통일로37길,28952,13527,15425,1938,6072,5282,5252,5459,4948
통일로39가길,94962,43987,50975,6309,20809,15154,15950,18819,17922
통일로40길,30822,14358,16464,2072,6835,4816,5124,6190,5785
통일로63길,63119,30225,32894,2021,13546,10344,10941,14241,12025
통일로66길,10632,5157,5475,315,1993,2016,1987,2222,2100
통일로67길,164925,78307,86617,9634,38182,29750,27283,31653,28423
통일로68길,35323,16242,19081,1236,7694,6223,5930,7406,6834
통일로69길,35873,16234,19639,1160,6964,7371,7087,7185,6106
통일로71길,59558,24887,34672,3419,10761,11606,12069,11738,9965
통일로73길,27828,12305,15523,1783,5736,5437,4595,4794,5484
통일로77길,51082,24876,26206,5043,15533,9660,8130,6707,6009
통일로78길,62500,30146,32354,5002,16058,11259,9792,10512,9877
통일로83길,70924,32754,38170,10000,20428,12193,12398,8430,7476
통일로85길,48027,23242,24785,5479,11985,8721,8654,6836,6352
통일로87길,65112,32630,32482,5944,15481,12148,11182,10507,9850
통일로92길,135634,70759,64875,12805,24235,24238,22627,26195,25534
퇴계로10길,19729,9381,10347,256,3358,5404,4478,3328,2904
퇴계로20길,8786,3421,5365,1357,2321,1785,1416,1106,801
퇴계로28길,15227,9181,6045,636,3265,3820,3572,2447,1486
퇴계로32길,4731,2798,1932,259,1186,1077,998,706,504
퇴계로46길,90384,46464,43920,9882,35337,19011,11948,8572,5635
퇴계로4길,80786,39842,40944,974,13057,20646,17115,15401,13593
퇴계로53길,7990,4799,3192,48,2574,2411,1463,938,555
퇴계로56길,34800,19131,15669,788,9169,8659,6349,5492,4343
퇴계로74길,64626,33669,30957,2190,17562,16975,11590,9886,6423
퇴계로76길,148115,79040,69075,4576,40792,37926,28775,22879,13168
퇴계로83길,104449,56966,47483,1882,21341,19723,17772,22949,20782
퇴계로87길,204077,110773,93304,6182,41843,38372,34192,44705,38782
퇴계로88길,72410,39867,32543,4877,14572,14257,12144,14898,11663
퇴계로8길,138271,67510,70761,3214,23749,34967,29223,25452,21667
퇴계로90길,32817,17592,15225,2278,7302,7712,5226,5870,4429
팔판길,5925,2605,3320,125,1733,1401,1226,995,445
평창11길,9886,3778,6108,644,1174,1567,2186,2555,1761
평창길,9969,4204,5765,798,2008,1476,1979,2037,1672
포방터길,27515,14238,13277,2350,5148,3864,5540,5508,5106
풍성로25길,28876,14060,14816,735,5536,5244,4895,6506,5961
풍성로37가길,36669,17102,19567,787,6664,7527,6740,7847,7104
풍성로54길,26997,14054,12944,1979,5003,4747,5321,5624,4324
필운대로1길,19670,8732,10938,2425,4153,3706,4019,3087,2279
필운대로5가길,46157,17277,28880,7061,12629,9364,7705,6066,3332
필운대로6길,22189,8957,13232,2709,6050,4925,3925,3099,1481
필운대로7길,17572,7010,10562,2393,5003,3669,2997,2420,1091
학동로20길,24261,12788,11473,476,9282,6557,3322,2638,1986
한강대로104마길,24263,14442,9821,251,5953,6531,5068,4064,2395
한강대로10길,5508,3326,2182,381,937,1240,1209,995,746
한강대로15길,9265,5536,3729,195,1937,2249,1813,1675,1397
한강대로21길,7719,5080,2639,320,1983,1808,1341,1359,908
한강대로23길,9929,6012,3918,473,2587,2219,1801,1618,1231
한강대로38길,8463,4913,3550,128,2086,2400,1881,1188,781
한강대로40길,23786,14239,9547,461,6305,7080,5146,2999,1794
한강대로43길,43642,24771,18870,656,11544,13496,9166,5414,3366
한강대로52길,120250,63720,56529,5023,45720,38511,17717,8295,4983
한강대로62가길,4119,1698,2421,0,1208,1931,533,387,59
한강대로62길,26234,14732,11503,513,7160,7869,5091,3527,2075
한강대로62다길,10187,6377,3810,123,2050,2403,2471,1917,1223
한강대로7길,33767,17907,15861,558,6535,8459,7140,5846,5228
한강대로88길,19481,11825,7656,2246,5947,3307,3080,2700,2202
한강대로96길,41872,24082,17790,3351,11423,8793,7250,6185,4869
한글비석로1길,2748,1331,1417,121,475,476,511,688,478
한글비석로20길,61174,32030,29144,5217,11429,8985,13004,12914,9625
한글비석로23길,150925,77932,72993,11651,28469,23550,26851,34061,26342
한글비석로46길,133856,69423,64433,9017,27344,20204,22012,28498,26781
한글비석로48길,10913,5020,5894,1326,2085,1909,1944,2004,1644
한남대로20길,23986,11016,12970,135,5565,7922,4826,2999,2538
한남대로21길,8950,4396,4555,50,2131,2322,1838,1412,1198
한남대로27길,35659,16392,19267,1046,12134,10631,6046,3542,2261
한남대로42길,6112,3147,2965,48,987,2152,1576,772,577
한림말1길,31107,14044,17062,1089,5629,7711,6402,5300,4975
한림말3길,49670,22036,27634,1700,8860,12140,10213,8629,8129
한림말길,50067,22126,27941,2277,7480,12582,9801,8930,8998
한천로101가길,12521,6777,5744,392,999,2436,2998,3702,1995
한천로11길,28843,16427,12415,1076,4865,6215,5937,6294,4456
한천로130길,179579,92535,87044,9036,41389,32161,30940,34733,31321
한천로131길,69528,34063,35465,2847,19341,12607,11818,12083,10832
한천로132길,213589,112321,101268,8115,52144,37587,35949,43362,36431
한천로143길,114243,57327,56916,6087,32582,19657,19091,19757,17069
한천로144길,68910,33778,35132,1557,17848,14638,11762,13916,9190
한천로14길,122734,67228,55506,1081,25061,28032,25181,25823,17556
한천로150길,136114,69873,66241,3931,32792,24967,24132,28344,21948
한천로155길,74250,35781,38469,4697,12641,12623,13466,16299,14524
한천로170길,107652,51011,56641,6199,22714,15865,19809,21493,21572
한천로17길,6932,3829,3103,132,1130,1485,1471,1581,1134
한천로18길,20594,11417,9177,56,3556,4651,4360,4805,3167
한천로24길,66673,36028,30645,1491,11944,16416,13939,13408,9476
한천로33길,23173,11329,11844,923,4064,4476,4639,4507,4565
한천로36길,43148,21830,21318,1865,6549,9276,8772,8941,7745
한천로46길,27588,13904,13684,3212,4963,5137,5062,4866,4348
한천로78길,54031,27845,26186,5147,10698,9367,9569,10581,8669
한천로80길,49154,25969,23185,3451,9580,8467,8886,10207,8562
해등로16길,56988,29275,27713,4550,11912,10129,10118,11349,8930
해등로26길,10886,5217,5669,912,2206,1944,1759,1928,2136
행당로17길,25295,12254,13041,2729,6223,4612,4369,4128,3234
행당로1길,46996,21520,25476,3630,7507,11582,8682,8230,7366
행당로8길,13951,6514,7437,1693,2916,2879,2508,2159,1797
행운1길,117529,59256,58273,5584,43211,25073,14759,14987,13915
행운길,189183,93159,96024,9110,70880,43614,23539,21920,20119
혜화로14길,30870,15763,15107,5141,6197,5156,6143,4393,3838
혜화로3길,39380,20570,18810,5341,17940,5918,4355,2995,2831
호암로18길,17147,10762,6385,1061,6232,3995,2869,1529,1461
호암로22길,134823,86044,48779,6696,65699,28378,14190,10287,9573
호암로26길,433482,269133,164349,20815,211322,86128,48279,36691,30246
홍릉로29길,8864,4744,4120,275,1824,1864,1285,1769,1847
홍릉로5길,98652,54852,43801,1606,12110,13002,15523,24288,32123
홍연길,31261,17115,14146,623,5722,5887,6495,6417,6118
홍은중앙로8길,26793,14279,12513,2251,4658,3749,5397,5598,5139
홍은중앙로9길,18843,9887,8956,1602,3319,2746,3764,3861,3550
홍제내2나길,5702,2614,3087,240,1123,972,1074,1150,1142
홍제내길,38285,18316,19969,3281,8012,7066,7106,6752,6069
홍제천로2길,13365,7050,6315,216,3720,3655,1978,1729,2066
홍지문2길,14379,6935,7444,2961,8221,827,946,910,513
홍지문길,20300,9874,10426,3370,10022,1578,2217,2117,995
화계사길,6968,3099,3869,1565,1248,564,1267,1517,807
화곡로15길,63961,32145,31816,4003,13063,14548,9883,11610,10853
화곡로20길,64827,32419,32409,4096,16188,14365,11005,10844,8330
화곡로25길,91006,42451,48554,7118,27163,20425,13578,12759,9962
화곡로31길,33977,16278,17699,1517,9527,7569,4394,5721,5249
화곡로42길,29497,15621,13876,1783,8129,6515,5147,4581,3343
화랑로11길,60409,25595,34813,4831,18995,11188,9930,8322,7143
화랑로18나길,9800,4980,4820,387,1973,1412,2004,2232,1792
화랑로19길,42807,22026,20781,2016,7863,7233,9079,9031,7586
화랑로25길,10116,5301,4815,536,1587,1784,2205,2182,1823
화랑로32길,108135,55026,53108,3828,26705,16802,20350,23342,17108
화랑로40길,62564,34085,28480,2917,11545,10620,11760,13944,11779
화랑로43길,6354,3428,2927,356,1267,1117,1191,1262,1161
화랑로45길,18559,10083,8476,1341,4699,3406,3229,3004,2880
화랑로47길,23917,13050,10866,1886,6173,4346,4117,3764,3631
화랑로51길,4974,2023,2951,944,1284,550,1114,614,469
화랑로53길,216,21,195,48,139,3,15,10,1
화랑로5길,24761,11746,13015,1379,5132,4588,4928,4795,3939
환일길,38277,18714,19564,1289,8616,10265,5851,7129,5128
황물로15길,19607,11772,7834,672,3394,3794,4006,4473,3270
황물로3길,113422,56577,56845,3843,25806,23397,21269,21236,17871
회기로21길,103423,48511,54912,14784,54735,11854,8872,7353,5825
회기로23길,89299,42833,46466,12018,48461,10859,7481,6167,4314
회기로28길,30797,16337,14461,2674,14945,4920,3249,2913,2097
회기로29길,72420,33342,39078,7057,34646,10213,7456,6478,6570
회나무로13길,41746,19548,22198,651,14150,13173,6501,3680,3592
회나무로13나길,36260,16726,19533,38,11190,11672,6238,3798,3324
회나무로44길,74124,35931,38193,1341,32569,20777,9637,5992,3809
효령로29길,47890,22470,25420,5438,13175,9141,7405,6424,6308
효령로34길,53719,26284,27435,4490,10627,9945,8789,9329,10539
효령로40길,17967,10299,7668,2819,2908,3708,3628,2558,2347
효령로67길,44929,23408,21521,423,9694,12051,10310,6567,5884
효령로68길,19505,10943,8562,271,3889,5375,4869,2589,2513
효령로74길,25055,13259,11796,1171,5042,5972,5323,4334,3214
효창원로39길,40182,19514,20667,1564,7344,8868,8400,6801,7204
효창원로62길,31703,15830,15873,2867,6918,6395,5166,5650,4707
효창원로8길,19075,10147,8928,1328,3287,4633,4204,3278,2345
효창원로93길,76921,30112,46809,6360,24301,14311,11294,12570,8085
효창원로98길,94113,44739,49374,7984,25193,17891,16805,15793,10448
후암로23길,11564,5763,5801,498,2433,2240,2464,1994,1935
후암로30길,13018,6975,6043,564,2892,2867,2788,2053,1854
후암로35길,14873,8168,6705,353,3373,3534,3104,2565,1945
후암로4길,25094,11316,13778,643,6674,6694,5158,3488,2437
휘경로23길,24434,12609,11825,228,5515,4867,3881,4970,4974
휘경로2길,138729,68495,70234,19783,82535,13790,10349,7420,4852
휘경로3길,242914,118865,124049,32454,141046,25733,18184,14346,11151
희우정로16길,72733,33217,39516,3039,21055,20103,12042,9013,7480
